--
-- PostgreSQL database dump
--

-- Dumped from database version 16.2 (Homebrew)
-- Dumped by pg_dump version 16.2 (Homebrew)

SET statement_timeout = 0;
SET lock_timeout = 0;
SET idle_in_transaction_session_timeout = 0;
SET client_encoding = 'UTF8';
SET standard_conforming_strings = on;
SELECT pg_catalog.set_config('search_path', '', false);
SET check_function_bodies = false;
SET xmloption = content;
SET client_min_messages = warning;
SET row_security = off;

SET default_tablespace = '';

SET default_table_access_method = heap;

--
-- Name: repo_configs; Type: TABLE; Schema: public; Owner: almazilaletdinov
--

CREATE TABLE public.repo_configs (
    id bigint NOT NULL,
    cron_expression character varying(16) NOT NULL,
    repo_id bigint NOT NULL,
    files_glob character varying(128) NOT NULL
);


ALTER TABLE public.repo_configs OWNER TO almazilaletdinov;

--
-- Name: analyze_jobs_schedules_id_seq; Type: SEQUENCE; Schema: public; Owner: almazilaletdinov
--

ALTER TABLE public.repo_configs ALTER COLUMN id ADD GENERATED BY DEFAULT AS IDENTITY (
    SEQUENCE NAME public.analyze_jobs_schedules_id_seq
    START WITH 1
    INCREMENT BY 1
    NO MINVALUE
    NO MAXVALUE
    CACHE 1
);


--
-- Name: auth_group; Type: TABLE; Schema: public; Owner: almazilaletdinov
--

CREATE TABLE public.auth_group (
    id integer NOT NULL,
    name character varying(150) NOT NULL
);


ALTER TABLE public.auth_group OWNER TO almazilaletdinov;

--
-- Name: auth_group_id_seq; Type: SEQUENCE; Schema: public; Owner: almazilaletdinov
--

ALTER TABLE public.auth_group ALTER COLUMN id ADD GENERATED BY DEFAULT AS IDENTITY (
    SEQUENCE NAME public.auth_group_id_seq
    START WITH 1
    INCREMENT BY 1
    NO MINVALUE
    NO MAXVALUE
    CACHE 1
);


--
-- Name: auth_group_permissions; Type: TABLE; Schema: public; Owner: almazilaletdinov
--

CREATE TABLE public.auth_group_permissions (
    id bigint NOT NULL,
    group_id integer NOT NULL,
    permission_id integer NOT NULL
);


ALTER TABLE public.auth_group_permissions OWNER TO almazilaletdinov;

--
-- Name: auth_group_permissions_id_seq; Type: SEQUENCE; Schema: public; Owner: almazilaletdinov
--

ALTER TABLE public.auth_group_permissions ALTER COLUMN id ADD GENERATED BY DEFAULT AS IDENTITY (
    SEQUENCE NAME public.auth_group_permissions_id_seq
    START WITH 1
    INCREMENT BY 1
    NO MINVALUE
    NO MAXVALUE
    CACHE 1
);


--
-- Name: auth_permission; Type: TABLE; Schema: public; Owner: almazilaletdinov
--

CREATE TABLE public.auth_permission (
    id integer NOT NULL,
    name character varying(255) NOT NULL,
    content_type_id integer NOT NULL,
    codename character varying(100) NOT NULL
);


ALTER TABLE public.auth_permission OWNER TO almazilaletdinov;

--
-- Name: auth_permission_id_seq; Type: SEQUENCE; Schema: public; Owner: almazilaletdinov
--

ALTER TABLE public.auth_permission ALTER COLUMN id ADD GENERATED BY DEFAULT AS IDENTITY (
    SEQUENCE NAME public.auth_permission_id_seq
    START WITH 1
    INCREMENT BY 1
    NO MINVALUE
    NO MAXVALUE
    CACHE 1
);


--
-- Name: auth_user; Type: TABLE; Schema: public; Owner: almazilaletdinov
--

CREATE TABLE public.auth_user (
    id integer NOT NULL,
    password character varying(128) NOT NULL,
    last_login timestamp with time zone,
    is_superuser boolean NOT NULL,
    username character varying(150) NOT NULL,
    first_name character varying(150) NOT NULL,
    last_name character varying(150) NOT NULL,
    email character varying(254) NOT NULL,
    is_staff boolean NOT NULL,
    is_active boolean NOT NULL,
    date_joined timestamp with time zone NOT NULL
);


ALTER TABLE public.auth_user OWNER TO almazilaletdinov;

--
-- Name: auth_user_groups; Type: TABLE; Schema: public; Owner: almazilaletdinov
--

CREATE TABLE public.auth_user_groups (
    id bigint NOT NULL,
    user_id integer NOT NULL,
    group_id integer NOT NULL
);


ALTER TABLE public.auth_user_groups OWNER TO almazilaletdinov;

--
-- Name: auth_user_groups_id_seq; Type: SEQUENCE; Schema: public; Owner: almazilaletdinov
--

ALTER TABLE public.auth_user_groups ALTER COLUMN id ADD GENERATED BY DEFAULT AS IDENTITY (
    SEQUENCE NAME public.auth_user_groups_id_seq
    START WITH 1
    INCREMENT BY 1
    NO MINVALUE
    NO MAXVALUE
    CACHE 1
);


--
-- Name: auth_user_id_seq; Type: SEQUENCE; Schema: public; Owner: almazilaletdinov
--

ALTER TABLE public.auth_user ALTER COLUMN id ADD GENERATED BY DEFAULT AS IDENTITY (
    SEQUENCE NAME public.auth_user_id_seq
    START WITH 1
    INCREMENT BY 1
    NO MINVALUE
    NO MAXVALUE
    CACHE 1
);


--
-- Name: auth_user_user_permissions; Type: TABLE; Schema: public; Owner: almazilaletdinov
--

CREATE TABLE public.auth_user_user_permissions (
    id bigint NOT NULL,
    user_id integer NOT NULL,
    permission_id integer NOT NULL
);


ALTER TABLE public.auth_user_user_permissions OWNER TO almazilaletdinov;

--
-- Name: auth_user_user_permissions_id_seq; Type: SEQUENCE; Schema: public; Owner: almazilaletdinov
--

ALTER TABLE public.auth_user_user_permissions ALTER COLUMN id ADD GENERATED BY DEFAULT AS IDENTITY (
    SEQUENCE NAME public.auth_user_user_permissions_id_seq
    START WITH 1
    INCREMENT BY 1
    NO MINVALUE
    NO MAXVALUE
    CACHE 1
);


--
-- Name: django_admin_log; Type: TABLE; Schema: public; Owner: almazilaletdinov
--

CREATE TABLE public.django_admin_log (
    id integer NOT NULL,
    action_time timestamp with time zone NOT NULL,
    object_id text,
    object_repr character varying(200) NOT NULL,
    action_flag smallint NOT NULL,
    change_message text NOT NULL,
    content_type_id integer,
    user_id integer NOT NULL,
    CONSTRAINT django_admin_log_action_flag_check CHECK ((action_flag >= 0))
);


ALTER TABLE public.django_admin_log OWNER TO almazilaletdinov;

--
-- Name: django_admin_log_id_seq; Type: SEQUENCE; Schema: public; Owner: almazilaletdinov
--

ALTER TABLE public.django_admin_log ALTER COLUMN id ADD GENERATED BY DEFAULT AS IDENTITY (
    SEQUENCE NAME public.django_admin_log_id_seq
    START WITH 1
    INCREMENT BY 1
    NO MINVALUE
    NO MAXVALUE
    CACHE 1
);


--
-- Name: django_content_type; Type: TABLE; Schema: public; Owner: almazilaletdinov
--

CREATE TABLE public.django_content_type (
    id integer NOT NULL,
    app_label character varying(100) NOT NULL,
    model character varying(100) NOT NULL
);


ALTER TABLE public.django_content_type OWNER TO almazilaletdinov;

--
-- Name: django_content_type_id_seq; Type: SEQUENCE; Schema: public; Owner: almazilaletdinov
--

ALTER TABLE public.django_content_type ALTER COLUMN id ADD GENERATED BY DEFAULT AS IDENTITY (
    SEQUENCE NAME public.django_content_type_id_seq
    START WITH 1
    INCREMENT BY 1
    NO MINVALUE
    NO MAXVALUE
    CACHE 1
);


--
-- Name: django_migrations; Type: TABLE; Schema: public; Owner: almazilaletdinov
--

CREATE TABLE public.django_migrations (
    id bigint NOT NULL,
    app character varying(255) NOT NULL,
    name character varying(255) NOT NULL,
    applied timestamp with time zone NOT NULL
);


ALTER TABLE public.django_migrations OWNER TO almazilaletdinov;

--
-- Name: django_migrations_id_seq; Type: SEQUENCE; Schema: public; Owner: almazilaletdinov
--

ALTER TABLE public.django_migrations ALTER COLUMN id ADD GENERATED BY DEFAULT AS IDENTITY (
    SEQUENCE NAME public.django_migrations_id_seq
    START WITH 1
    INCREMENT BY 1
    NO MINVALUE
    NO MAXVALUE
    CACHE 1
);


--
-- Name: django_session; Type: TABLE; Schema: public; Owner: almazilaletdinov
--

CREATE TABLE public.django_session (
    session_key character varying(40) NOT NULL,
    session_data text NOT NULL,
    expire_date timestamp with time zone NOT NULL
);


ALTER TABLE public.django_session OWNER TO almazilaletdinov;

--
-- Name: gh_repos; Type: TABLE; Schema: public; Owner: almazilaletdinov
--

CREATE TABLE public.gh_repos (
    id bigint NOT NULL,
    full_name character varying(512) NOT NULL,
    has_webhook boolean NOT NULL,
    installation_id bigint NOT NULL
);


ALTER TABLE public.gh_repos OWNER TO almazilaletdinov;

--
-- Name: gh_repos_id_seq; Type: SEQUENCE; Schema: public; Owner: almazilaletdinov
--

ALTER TABLE public.gh_repos ALTER COLUMN id ADD GENERATED BY DEFAULT AS IDENTITY (
    SEQUENCE NAME public.gh_repos_id_seq
    START WITH 1
    INCREMENT BY 1
    NO MINVALUE
    NO MAXVALUE
    CACHE 1
);


--
-- Name: touch_records; Type: TABLE; Schema: public; Owner: almazilaletdinov
--

CREATE TABLE public.touch_records (
    id bigint NOT NULL,
    path character varying(1024) NOT NULL,
    date date NOT NULL,
    gh_repo_id bigint NOT NULL
);


ALTER TABLE public.touch_records OWNER TO almazilaletdinov;

--
-- Name: touch_records_id_seq; Type: SEQUENCE; Schema: public; Owner: almazilaletdinov
--

ALTER TABLE public.touch_records ALTER COLUMN id ADD GENERATED BY DEFAULT AS IDENTITY (
    SEQUENCE NAME public.touch_records_id_seq
    START WITH 1
    INCREMENT BY 1
    NO MINVALUE
    NO MAXVALUE
    CACHE 1
);


--
-- Data for Name: auth_group; Type: TABLE DATA; Schema: public; Owner: almazilaletdinov
--

COPY public.auth_group (id, name) FROM stdin;
\.


--
-- Data for Name: auth_group_permissions; Type: TABLE DATA; Schema: public; Owner: almazilaletdinov
--

COPY public.auth_group_permissions (id, group_id, permission_id) FROM stdin;
\.


--
-- Data for Name: auth_permission; Type: TABLE DATA; Schema: public; Owner: almazilaletdinov
--

COPY public.auth_permission (id, name, content_type_id, codename) FROM stdin;
1	Can add log entry	1	add_logentry
2	Can change log entry	1	change_logentry
3	Can delete log entry	1	delete_logentry
4	Can view log entry	1	view_logentry
5	Can add permission	2	add_permission
6	Can change permission	2	change_permission
7	Can delete permission	2	delete_permission
8	Can view permission	2	view_permission
9	Can add group	3	add_group
10	Can change group	3	change_group
11	Can delete group	3	delete_group
12	Can view group	3	view_group
13	Can add user	4	add_user
14	Can change user	4	change_user
15	Can delete user	4	delete_user
16	Can view user	4	view_user
17	Can add content type	5	add_contenttype
18	Can change content type	5	change_contenttype
19	Can delete content type	5	delete_contenttype
20	Can view content type	5	view_contenttype
21	Can add session	6	add_session
22	Can change session	6	change_session
23	Can delete session	6	delete_session
24	Can view session	6	view_session
25	Can add gh repo	7	add_ghrepo
26	Can change gh repo	7	change_ghrepo
27	Can delete gh repo	7	delete_ghrepo
28	Can view gh repo	7	view_ghrepo
29	Can add touch record	8	add_touchrecord
30	Can change touch record	8	change_touchrecord
31	Can delete touch record	8	delete_touchrecord
32	Can view touch record	8	view_touchrecord
33	Can add repo config	9	add_repoconfig
34	Can change repo config	9	change_repoconfig
35	Can delete repo config	9	delete_repoconfig
36	Can view repo config	9	view_repoconfig
\.


--
-- Data for Name: auth_user; Type: TABLE DATA; Schema: public; Owner: almazilaletdinov
--

COPY public.auth_user (id, password, last_login, is_superuser, username, first_name, last_name, email, is_staff, is_active, date_joined) FROM stdin;
\.


--
-- Data for Name: auth_user_groups; Type: TABLE DATA; Schema: public; Owner: almazilaletdinov
--

COPY public.auth_user_groups (id, user_id, group_id) FROM stdin;
\.


--
-- Data for Name: auth_user_user_permissions; Type: TABLE DATA; Schema: public; Owner: almazilaletdinov
--

COPY public.auth_user_user_permissions (id, user_id, permission_id) FROM stdin;
\.


--
-- Data for Name: django_admin_log; Type: TABLE DATA; Schema: public; Owner: almazilaletdinov
--

COPY public.django_admin_log (id, action_time, object_id, object_repr, action_flag, change_message, content_type_id, user_id) FROM stdin;
\.


--
-- Data for Name: django_content_type; Type: TABLE DATA; Schema: public; Owner: almazilaletdinov
--

COPY public.django_content_type (id, app_label, model) FROM stdin;
1	admin	logentry
2	auth	permission
3	auth	group
4	auth	user
5	contenttypes	contenttype
6	sessions	session
7	main	ghrepo
8	main	touchrecord
9	main	repoconfig
\.


--
-- Data for Name: django_migrations; Type: TABLE DATA; Schema: public; Owner: almazilaletdinov
--

COPY public.django_migrations (id, app, name, applied) FROM stdin;
1	contenttypes	0001_initial	2024-11-26 12:38:00.62128+03
2	auth	0001_initial	2024-11-26 12:38:00.660975+03
3	admin	0001_initial	2024-11-26 12:38:00.674081+03
4	admin	0002_logentry_remove_auto_add	2024-11-26 12:38:00.678048+03
5	admin	0003_logentry_add_action_flag_choices	2024-11-26 12:38:00.681545+03
6	contenttypes	0002_remove_content_type_name	2024-11-26 12:38:00.690498+03
7	auth	0002_alter_permission_name_max_length	2024-11-26 12:38:00.695108+03
8	auth	0003_alter_user_email_max_length	2024-11-26 12:38:00.699364+03
9	auth	0004_alter_user_username_opts	2024-11-26 12:38:00.703233+03
10	auth	0005_alter_user_last_login_null	2024-11-26 12:38:00.708874+03
11	auth	0006_require_contenttypes_0002	2024-11-26 12:38:00.709406+03
12	auth	0007_alter_validators_add_error_messages	2024-11-26 12:38:00.712826+03
13	auth	0008_alter_user_username_max_length	2024-11-26 12:38:00.719462+03
14	auth	0009_alter_user_last_name_max_length	2024-11-26 12:38:00.72373+03
15	auth	0010_alter_group_name_max_length	2024-11-26 12:38:00.728145+03
16	auth	0011_update_proxy_permissions	2024-11-26 12:38:00.731595+03
17	auth	0012_alter_user_first_name_max_length	2024-11-26 12:38:00.735622+03
18	main	0001_initial	2024-11-26 12:38:00.744945+03
19	main	0002_analyzejobsschedule	2024-11-26 12:38:00.750929+03
20	main	0003_alter_repoconfig_table	2024-11-26 12:38:00.76831+03
21	sessions	0001_initial	2024-11-26 12:38:00.772966+03
\.


--
-- Data for Name: django_session; Type: TABLE DATA; Schema: public; Owner: almazilaletdinov
--

COPY public.django_session (session_key, session_data, expire_date) FROM stdin;
\.


--
-- Data for Name: gh_repos; Type: TABLE DATA; Schema: public; Owner: almazilaletdinov
--

COPY public.gh_repos (id, full_name, has_webhook, installation_id) FROM stdin;
\.


--
-- Data for Name: repo_configs; Type: TABLE DATA; Schema: public; Owner: almazilaletdinov
--

COPY public.repo_configs (id, cron_expression, repo_id, files_glob) FROM stdin;
\.


--
-- Data for Name: touch_records; Type: TABLE DATA; Schema: public; Owner: almazilaletdinov
--

COPY public.touch_records (id, path, date, gh_repo_id) FROM stdin;
\.


--
-- Name: analyze_jobs_schedules_id_seq; Type: SEQUENCE SET; Schema: public; Owner: almazilaletdinov
--

SELECT pg_catalog.setval('public.analyze_jobs_schedules_id_seq', 1, false);


--
-- Name: auth_group_id_seq; Type: SEQUENCE SET; Schema: public; Owner: almazilaletdinov
--

SELECT pg_catalog.setval('public.auth_group_id_seq', 1, false);


--
-- Name: auth_group_permissions_id_seq; Type: SEQUENCE SET; Schema: public; Owner: almazilaletdinov
--

SELECT pg_catalog.setval('public.auth_group_permissions_id_seq', 1, false);


--
-- Name: auth_permission_id_seq; Type: SEQUENCE SET; Schema: public; Owner: almazilaletdinov
--

SELECT pg_catalog.setval('public.auth_permission_id_seq', 36, true);


--
-- Name: auth_user_groups_id_seq; Type: SEQUENCE SET; Schema: public; Owner: almazilaletdinov
--

SELECT pg_catalog.setval('public.auth_user_groups_id_seq', 1, false);


--
-- Name: auth_user_id_seq; Type: SEQUENCE SET; Schema: public; Owner: almazilaletdinov
--

SELECT pg_catalog.setval('public.auth_user_id_seq', 1, false);


--
-- Name: auth_user_user_permissions_id_seq; Type: SEQUENCE SET; Schema: public; Owner: almazilaletdinov
--

SELECT pg_catalog.setval('public.auth_user_user_permissions_id_seq', 1, false);


--
-- Name: django_admin_log_id_seq; Type: SEQUENCE SET; Schema: public; Owner: almazilaletdinov
--

SELECT pg_catalog.setval('public.django_admin_log_id_seq', 1, false);


--
-- Name: django_content_type_id_seq; Type: SEQUENCE SET; Schema: public; Owner: almazilaletdinov
--

SELECT pg_catalog.setval('public.django_content_type_id_seq', 9, true);


--
-- Name: django_migrations_id_seq; Type: SEQUENCE SET; Schema: public; Owner: almazilaletdinov
--

SELECT pg_catalog.setval('public.django_migrations_id_seq', 21, true);


--
-- Name: gh_repos_id_seq; Type: SEQUENCE SET; Schema: public; Owner: almazilaletdinov
--

SELECT pg_catalog.setval('public.gh_repos_id_seq', 1, false);


--
-- Name: touch_records_id_seq; Type: SEQUENCE SET; Schema: public; Owner: almazilaletdinov
--

SELECT pg_catalog.setval('public.touch_records_id_seq', 1, false);


--
-- Name: repo_configs analyze_jobs_schedules_pkey; Type: CONSTRAINT; Schema: public; Owner: almazilaletdinov
--

ALTER TABLE ONLY public.repo_configs
    ADD CONSTRAINT analyze_jobs_schedules_pkey PRIMARY KEY (id);


--
-- Name: auth_group auth_group_name_key; Type: CONSTRAINT; Schema: public; Owner: almazilaletdinov
--

ALTER TABLE ONLY public.auth_group
    ADD CONSTRAINT auth_group_name_key UNIQUE (name);


--
-- Name: auth_group_permissions auth_group_permissions_group_id_permission_id_0cd325b0_uniq; Type: CONSTRAINT; Schema: public; Owner: almazilaletdinov
--

ALTER TABLE ONLY public.auth_group_permissions
    ADD CONSTRAINT auth_group_permissions_group_id_permission_id_0cd325b0_uniq UNIQUE (group_id, permission_id);


--
-- Name: auth_group_permissions auth_group_permissions_pkey; Type: CONSTRAINT; Schema: public; Owner: almazilaletdinov
--

ALTER TABLE ONLY public.auth_group_permissions
    ADD CONSTRAINT auth_group_permissions_pkey PRIMARY KEY (id);


--
-- Name: auth_group auth_group_pkey; Type: CONSTRAINT; Schema: public; Owner: almazilaletdinov
--

ALTER TABLE ONLY public.auth_group
    ADD CONSTRAINT auth_group_pkey PRIMARY KEY (id);


--
-- Name: auth_permission auth_permission_content_type_id_codename_01ab375a_uniq; Type: CONSTRAINT; Schema: public; Owner: almazilaletdinov
--

ALTER TABLE ONLY public.auth_permission
    ADD CONSTRAINT auth_permission_content_type_id_codename_01ab375a_uniq UNIQUE (content_type_id, codename);


--
-- Name: auth_permission auth_permission_pkey; Type: CONSTRAINT; Schema: public; Owner: almazilaletdinov
--

ALTER TABLE ONLY public.auth_permission
    ADD CONSTRAINT auth_permission_pkey PRIMARY KEY (id);


--
-- Name: auth_user_groups auth_user_groups_pkey; Type: CONSTRAINT; Schema: public; Owner: almazilaletdinov
--

ALTER TABLE ONLY public.auth_user_groups
    ADD CONSTRAINT auth_user_groups_pkey PRIMARY KEY (id);


--
-- Name: auth_user_groups auth_user_groups_user_id_group_id_94350c0c_uniq; Type: CONSTRAINT; Schema: public; Owner: almazilaletdinov
--

ALTER TABLE ONLY public.auth_user_groups
    ADD CONSTRAINT auth_user_groups_user_id_group_id_94350c0c_uniq UNIQUE (user_id, group_id);


--
-- Name: auth_user auth_user_pkey; Type: CONSTRAINT; Schema: public; Owner: almazilaletdinov
--

ALTER TABLE ONLY public.auth_user
    ADD CONSTRAINT auth_user_pkey PRIMARY KEY (id);


--
-- Name: auth_user_user_permissions auth_user_user_permissions_pkey; Type: CONSTRAINT; Schema: public; Owner: almazilaletdinov
--

ALTER TABLE ONLY public.auth_user_user_permissions
    ADD CONSTRAINT auth_user_user_permissions_pkey PRIMARY KEY (id);


--
-- Name: auth_user_user_permissions auth_user_user_permissions_user_id_permission_id_14a6b632_uniq; Type: CONSTRAINT; Schema: public; Owner: almazilaletdinov
--

ALTER TABLE ONLY public.auth_user_user_permissions
    ADD CONSTRAINT auth_user_user_permissions_user_id_permission_id_14a6b632_uniq UNIQUE (user_id, permission_id);


--
-- Name: auth_user auth_user_username_key; Type: CONSTRAINT; Schema: public; Owner: almazilaletdinov
--

ALTER TABLE ONLY public.auth_user
    ADD CONSTRAINT auth_user_username_key UNIQUE (username);


--
-- Name: django_admin_log django_admin_log_pkey; Type: CONSTRAINT; Schema: public; Owner: almazilaletdinov
--

ALTER TABLE ONLY public.django_admin_log
    ADD CONSTRAINT django_admin_log_pkey PRIMARY KEY (id);


--
-- Name: django_content_type django_content_type_app_label_model_76bd3d3b_uniq; Type: CONSTRAINT; Schema: public; Owner: almazilaletdinov
--

ALTER TABLE ONLY public.django_content_type
    ADD CONSTRAINT django_content_type_app_label_model_76bd3d3b_uniq UNIQUE (app_label, model);


--
-- Name: django_content_type django_content_type_pkey; Type: CONSTRAINT; Schema: public; Owner: almazilaletdinov
--

ALTER TABLE ONLY public.django_content_type
    ADD CONSTRAINT django_content_type_pkey PRIMARY KEY (id);


--
-- Name: django_migrations django_migrations_pkey; Type: CONSTRAINT; Schema: public; Owner: almazilaletdinov
--

ALTER TABLE ONLY public.django_migrations
    ADD CONSTRAINT django_migrations_pkey PRIMARY KEY (id);


--
-- Name: django_session django_session_pkey; Type: CONSTRAINT; Schema: public; Owner: almazilaletdinov
--

ALTER TABLE ONLY public.django_session
    ADD CONSTRAINT django_session_pkey PRIMARY KEY (session_key);


--
-- Name: gh_repos gh_repos_full_name_key; Type: CONSTRAINT; Schema: public; Owner: almazilaletdinov
--

ALTER TABLE ONLY public.gh_repos
    ADD CONSTRAINT gh_repos_full_name_key UNIQUE (full_name);


--
-- Name: gh_repos gh_repos_pkey; Type: CONSTRAINT; Schema: public; Owner: almazilaletdinov
--

ALTER TABLE ONLY public.gh_repos
    ADD CONSTRAINT gh_repos_pkey PRIMARY KEY (id);


--
-- Name: touch_records touch_records_path_key; Type: CONSTRAINT; Schema: public; Owner: almazilaletdinov
--

ALTER TABLE ONLY public.touch_records
    ADD CONSTRAINT touch_records_path_key UNIQUE (path);


--
-- Name: touch_records touch_records_pkey; Type: CONSTRAINT; Schema: public; Owner: almazilaletdinov
--

ALTER TABLE ONLY public.touch_records
    ADD CONSTRAINT touch_records_pkey PRIMARY KEY (id);


--
-- Name: analyze_jobs_schedules_cron_expression_7a3e28b8_like; Type: INDEX; Schema: public; Owner: almazilaletdinov
--

CREATE INDEX analyze_jobs_schedules_cron_expression_7a3e28b8_like ON public.repo_configs USING btree (cron_expression varchar_pattern_ops);


--
-- Name: analyze_jobs_schedules_repo_id_defaeb2e; Type: INDEX; Schema: public; Owner: almazilaletdinov
--

CREATE INDEX analyze_jobs_schedules_repo_id_defaeb2e ON public.repo_configs USING btree (repo_id);


--
-- Name: auth_group_name_a6ea08ec_like; Type: INDEX; Schema: public; Owner: almazilaletdinov
--

CREATE INDEX auth_group_name_a6ea08ec_like ON public.auth_group USING btree (name varchar_pattern_ops);


--
-- Name: auth_group_permissions_group_id_b120cbf9; Type: INDEX; Schema: public; Owner: almazilaletdinov
--

CREATE INDEX auth_group_permissions_group_id_b120cbf9 ON public.auth_group_permissions USING btree (group_id);


--
-- Name: auth_group_permissions_permission_id_84c5c92e; Type: INDEX; Schema: public; Owner: almazilaletdinov
--

CREATE INDEX auth_group_permissions_permission_id_84c5c92e ON public.auth_group_permissions USING btree (permission_id);


--
-- Name: auth_permission_content_type_id_2f476e4b; Type: INDEX; Schema: public; Owner: almazilaletdinov
--

CREATE INDEX auth_permission_content_type_id_2f476e4b ON public.auth_permission USING btree (content_type_id);


--
-- Name: auth_user_groups_group_id_97559544; Type: INDEX; Schema: public; Owner: almazilaletdinov
--

CREATE INDEX auth_user_groups_group_id_97559544 ON public.auth_user_groups USING btree (group_id);


--
-- Name: auth_user_groups_user_id_6a12ed8b; Type: INDEX; Schema: public; Owner: almazilaletdinov
--

CREATE INDEX auth_user_groups_user_id_6a12ed8b ON public.auth_user_groups USING btree (user_id);


--
-- Name: auth_user_user_permissions_permission_id_1fbb5f2c; Type: INDEX; Schema: public; Owner: almazilaletdinov
--

CREATE INDEX auth_user_user_permissions_permission_id_1fbb5f2c ON public.auth_user_user_permissions USING btree (permission_id);


--
-- Name: auth_user_user_permissions_user_id_a95ead1b; Type: INDEX; Schema: public; Owner: almazilaletdinov
--

CREATE INDEX auth_user_user_permissions_user_id_a95ead1b ON public.auth_user_user_permissions USING btree (user_id);


--
-- Name: auth_user_username_6821ab7c_like; Type: INDEX; Schema: public; Owner: almazilaletdinov
--

CREATE INDEX auth_user_username_6821ab7c_like ON public.auth_user USING btree (username varchar_pattern_ops);


--
-- Name: django_admin_log_content_type_id_c4bce8eb; Type: INDEX; Schema: public; Owner: almazilaletdinov
--

CREATE INDEX django_admin_log_content_type_id_c4bce8eb ON public.django_admin_log USING btree (content_type_id);


--
-- Name: django_admin_log_user_id_c564eba6; Type: INDEX; Schema: public; Owner: almazilaletdinov
--

CREATE INDEX django_admin_log_user_id_c564eba6 ON public.django_admin_log USING btree (user_id);


--
-- Name: django_session_expire_date_a5c62663; Type: INDEX; Schema: public; Owner: almazilaletdinov
--

CREATE INDEX django_session_expire_date_a5c62663 ON public.django_session USING btree (expire_date);


--
-- Name: django_session_session_key_c0390e0f_like; Type: INDEX; Schema: public; Owner: almazilaletdinov
--

CREATE INDEX django_session_session_key_c0390e0f_like ON public.django_session USING btree (session_key varchar_pattern_ops);


--
-- Name: gh_repos_full_name_2ea8774d_like; Type: INDEX; Schema: public; Owner: almazilaletdinov
--

CREATE INDEX gh_repos_full_name_2ea8774d_like ON public.gh_repos USING btree (full_name varchar_pattern_ops);


--
-- Name: touch_records_gh_repo_id_aad6814f; Type: INDEX; Schema: public; Owner: almazilaletdinov
--

CREATE INDEX touch_records_gh_repo_id_aad6814f ON public.touch_records USING btree (gh_repo_id);


--
-- Name: touch_records_path_41bba9c2_like; Type: INDEX; Schema: public; Owner: almazilaletdinov
--

CREATE INDEX touch_records_path_41bba9c2_like ON public.touch_records USING btree (path varchar_pattern_ops);


--
-- Name: repo_configs analyze_jobs_schedules_repo_id_defaeb2e_fk_gh_repos_id; Type: FK CONSTRAINT; Schema: public; Owner: almazilaletdinov
--

ALTER TABLE ONLY public.repo_configs
    ADD CONSTRAINT analyze_jobs_schedules_repo_id_defaeb2e_fk_gh_repos_id FOREIGN KEY (repo_id) REFERENCES public.gh_repos(id) DEFERRABLE INITIALLY DEFERRED;


--
-- Name: auth_group_permissions auth_group_permissio_permission_id_84c5c92e_fk_auth_perm; Type: FK CONSTRAINT; Schema: public; Owner: almazilaletdinov
--

ALTER TABLE ONLY public.auth_group_permissions
    ADD CONSTRAINT auth_group_permissio_permission_id_84c5c92e_fk_auth_perm FOREIGN KEY (permission_id) REFERENCES public.auth_permission(id) DEFERRABLE INITIALLY DEFERRED;


--
-- Name: auth_group_permissions auth_group_permissions_group_id_b120cbf9_fk_auth_group_id; Type: FK CONSTRAINT; Schema: public; Owner: almazilaletdinov
--

ALTER TABLE ONLY public.auth_group_permissions
    ADD CONSTRAINT auth_group_permissions_group_id_b120cbf9_fk_auth_group_id FOREIGN KEY (group_id) REFERENCES public.auth_group(id) DEFERRABLE INITIALLY DEFERRED;


--
-- Name: auth_permission auth_permission_content_type_id_2f476e4b_fk_django_co; Type: FK CONSTRAINT; Schema: public; Owner: almazilaletdinov
--

ALTER TABLE ONLY public.auth_permission
    ADD CONSTRAINT auth_permission_content_type_id_2f476e4b_fk_django_co FOREIGN KEY (content_type_id) REFERENCES public.django_content_type(id) DEFERRABLE INITIALLY DEFERRED;


--
-- Name: auth_user_groups auth_user_groups_group_id_97559544_fk_auth_group_id; Type: FK CONSTRAINT; Schema: public; Owner: almazilaletdinov
--

ALTER TABLE ONLY public.auth_user_groups
    ADD CONSTRAINT auth_user_groups_group_id_97559544_fk_auth_group_id FOREIGN KEY (group_id) REFERENCES public.auth_group(id) DEFERRABLE INITIALLY DEFERRED;


--
-- Name: auth_user_groups auth_user_groups_user_id_6a12ed8b_fk_auth_user_id; Type: FK CONSTRAINT; Schema: public; Owner: almazilaletdinov
--

ALTER TABLE ONLY public.auth_user_groups
    ADD CONSTRAINT auth_user_groups_user_id_6a12ed8b_fk_auth_user_id FOREIGN KEY (user_id) REFERENCES public.auth_user(id) DEFERRABLE INITIALLY DEFERRED;


--
-- Name: auth_user_user_permissions auth_user_user_permi_permission_id_1fbb5f2c_fk_auth_perm; Type: FK CONSTRAINT; Schema: public; Owner: almazilaletdinov
--

ALTER TABLE ONLY public.auth_user_user_permissions
    ADD CONSTRAINT auth_user_user_permi_permission_id_1fbb5f2c_fk_auth_perm FOREIGN KEY (permission_id) REFERENCES public.auth_permission(id) DEFERRABLE INITIALLY DEFERRED;


--
-- Name: auth_user_user_permissions auth_user_user_permissions_user_id_a95ead1b_fk_auth_user_id; Type: FK CONSTRAINT; Schema: public; Owner: almazilaletdinov
--

ALTER TABLE ONLY public.auth_user_user_permissions
    ADD CONSTRAINT auth_user_user_permissions_user_id_a95ead1b_fk_auth_user_id FOREIGN KEY (user_id) REFERENCES public.auth_user(id) DEFERRABLE INITIALLY DEFERRED;


--
-- Name: django_admin_log django_admin_log_content_type_id_c4bce8eb_fk_django_co; Type: FK CONSTRAINT; Schema: public; Owner: almazilaletdinov
--

ALTER TABLE ONLY public.django_admin_log
    ADD CONSTRAINT django_admin_log_content_type_id_c4bce8eb_fk_django_co FOREIGN KEY (content_type_id) REFERENCES public.django_content_type(id) DEFERRABLE INITIALLY DEFERRED;


--
-- Name: django_admin_log django_admin_log_user_id_c564eba6_fk_auth_user_id; Type: FK CONSTRAINT; Schema: public; Owner: almazilaletdinov
--

ALTER TABLE ONLY public.django_admin_log
    ADD CONSTRAINT django_admin_log_user_id_c564eba6_fk_auth_user_id FOREIGN KEY (user_id) REFERENCES public.auth_user(id) DEFERRABLE INITIALLY DEFERRED;


--
-- Name: touch_records touch_records_gh_repo_id_aad6814f_fk_gh_repos_id; Type: FK CONSTRAINT; Schema: public; Owner: almazilaletdinov
--

ALTER TABLE ONLY public.touch_records
    ADD CONSTRAINT touch_records_gh_repo_id_aad6814f_fk_gh_repos_id FOREIGN KEY (gh_repo_id) REFERENCES public.gh_repos(id) DEFERRABLE INITIALLY DEFERRED;


--
-- PostgreSQL database dump complete
--

